source_id,source_type,domain,platform,mission,trust_object,assurance_layer,lifecycle_stage,evidence,threat,trust_method,blockchain_role,assumptions,evaluation_maturity,limitations,coding_status,title,year,doi_or_url
hafeez2023blockchain,peer-reviewed review,air,UAV/UAS,communications/data collection,link/path,ledger/governance consistency,transmission/relay; audit/revocation/recovery,reported analysis/evaluation; detail reserved pending full-text check,not title-coded,not applicable/title-insufficient,ledger-supported trust/audit/data sharing; exact design pending full-text coding,pending full-text coding,pending full-text classification,pending full-text coding; no detailed claim drawn from title alone,bibliographic metadata verified; full-text analytical coding pending,Blockchain-Assisted UAV Communication Systems: A Comprehensive Survey,2023,10.1109/ojvt.2023.3295208
alladi2020applications,peer-reviewed review,air,UAV/UAS,cross-domain mission assurance,data product; entity,ledger/governance consistency,audit/revocation/recovery,reported analysis/evaluation; detail reserved pending full-text check,not title-coded,not applicable/title-insufficient,ledger-supported trust/audit/data sharing; exact design pending full-text coding,pending full-text coding,pending full-text classification,pending full-text coding; no detailed claim drawn from title alone,lawful full text acquired and screened; fine-grained analytical coding pending,Applications of blockchain in unmanned aerial vehicles: A review,2020,10.1016/j.vehcom.2020.100249
mehta2020blockchain,peer-reviewed primary study,air,UAV/UAS,communications/data collection,link/path,ledger/governance consistency,transmission/relay; audit/revocation/recovery,reported analysis/evaluation; detail reserved pending full-text check,not title-coded,not applicable/title-insufficient,ledger-supported trust/audit/data sharing; exact design pending full-text coding,pending full-text coding,pending full-text classification,pending full-text coding; no detailed claim drawn from title alone,lawful full text acquired and screened; fine-grained analytical coding pending,"Blockchain envisioned UAV networks: Challenges, solutions, and comparisons",2020,10.1016/j.comcom.2020.01.023
mekdad2023survey,peer-reviewed review,air,UAV/UAS,cross-domain mission assurance,contextual/background,foundational/contextual,cross-lifecycle,reported analysis/evaluation; detail reserved pending full-text check,multiple security threats; privacy exposure,not applicable/title-insufficient,not central,pending full-text coding,pending full-text classification,pending full-text coding; no detailed claim drawn from title alone,bibliographic metadata verified; full-text analytical coding pending,A survey on security and privacy issues of UAVs,2023,10.1016/j.comnet.2023.109626
wang2025survey,peer-reviewed review,air,UAV/UAS,communications/data collection,link/path,foundational/contextual,transmission/relay,reported analysis/evaluation; detail reserved pending full-text check,cyberattack; multiple security threats,not applicable/title-insufficient,not central,pending full-text coding,pending full-text classification,pending full-text coding; no detailed claim drawn from title alone,lawful full text acquired and screened; fine-grained analytical coding pending,A Survey on Security of UAV Swarm Networks: Attacks and Countermeasures,2025,10.1145/3703625
hadi2023comprehensive,peer-reviewed review,air,UAV/UAS,cross-domain mission assurance,contextual/background,foundational/contextual,cross-lifecycle,"review taxonomy of software, hardware, and communication vulnerabilities, attacks, and defenses",multiple security threats; privacy exposure,not applicable/title-insufficient,not central,primarily civilian/commercial UAV systems and published countermeasures,peer-reviewed review-level synthesis,blockchain and other emerging defenses are not evidence of real-time deployment in highly mobile UAVs,lawful full text inspected; claim-level coding completed for review scope,"A comprehensive survey on security, privacy issues and emerging defence technologies for UAVs",2023,10.1016/j.jnca.2023.103607
khan2023swarm,peer-reviewed review,air,UAV/UAS,communications/data collection,link/path,foundational/contextual,transmission/relay,reported analysis/evaluation; detail reserved pending full-text check,not title-coded,not applicable/title-insufficient,not central,pending full-text coding,pending full-text classification,pending full-text coding; no detailed claim drawn from title alone,bibliographic metadata verified; full-text analytical coding pending,Swarm of UAVs for Network Management in 6G: A Technical Review,2023,10.1109/tnsm.2022.3213370
hayat2016survey,peer-reviewed review,air,UAV/UAS,communications/data collection,link/path,foundational/contextual,transmission/relay,"application taxonomy plus quantified mission, data, network, and QoS requirements",not title-coded,not applicable/title-insufficient,not central,civil UAV applications; communication requirements vary by mission and network role,review-level synthesis with reported quantitative requirements,air-domain communications review; does not validate cross-domain assurance,lawful full text inspected; claim-level coding completed for review scope,Survey on Unmanned Aerial Vehicle Networks for Civil Applications: A Communications Viewpoint,2016,10.1109/comst.2016.2560343
shakhatreh2019unmanned,peer-reviewed review,air,UAV/UAS,maritime search and rescue/observation,contextual/background,foundational/contextual,cross-lifecycle,reported analysis/evaluation; detail reserved pending full-text check,not title-coded,not applicable/title-insufficient,not central,pending full-text coding,pending full-text classification,pending full-text coding; no detailed claim drawn from title alone,bibliographic metadata verified; full-text analytical coding pending,Unmanned Aerial Vehicles (UAVs): A Survey on Civil Applications and Key Research Challenges,2019,10.1109/access.2019.2909530
mohsan2023unmanned,peer-reviewed primary study,air,UAV/UAS,cross-domain mission assurance,contextual/background,foundational/contextual,cross-lifecycle,reported analysis/evaluation; detail reserved pending full-text check,multiple security threats,not applicable/title-insufficient,not central,pending full-text coding,pending full-text classification,pending full-text coding; no detailed claim drawn from title alone,bibliographic metadata verified; full-text analytical coding pending,"Unmanned aerial vehicles (UAVs): practical aspects, applications, open challenges, security issues, and future trends",2023,10.1007/s11370-022-00452-4
yahuza2021internet,peer-reviewed review,air,UAV/UAS,cross-domain mission assurance,contextual/background,foundational/contextual,cross-lifecycle,reported analysis/evaluation; detail reserved pending full-text check,multiple security threats; privacy exposure,not applicable/title-insufficient,not central,pending full-text coding,pending full-text classification,pending full-text coding; no detailed claim drawn from title alone,bibliographic metadata verified; full-text analytical coding pending,Internet of Drones Security and Privacy Issues: Taxonomy and Open Challenges,2021,10.1109/access.2021.3072030
ch2020security,peer-reviewed primary study,air,UAV/UAS,cross-domain mission assurance,data product,ledger/governance consistency,audit/revocation/recovery,reported analysis/evaluation; detail reserved pending full-text check,multiple security threats; privacy exposure,not applicable/title-insufficient,ledger-supported trust/audit/data sharing; exact design pending full-text coding,pending full-text coding,pending full-text classification,pending full-text coding; no detailed claim drawn from title alone,bibliographic metadata verified; full-text analytical coding pending,Security and privacy of UAV data using blockchain technology,2020,10.1016/j.jisa.2020.102670
barka2022towards,peer-reviewed primary study,air,UAV/UAS,cross-domain mission assurance,entity; platform/device,ledger/governance consistency; mission-use suitability,decision/action; audit/revocation/recovery,reported analysis/evaluation; detail reserved pending full-text check,not title-coded,trust/reputation method; full-text coding pending,ledger-supported trust/audit/data sharing; exact design pending full-text coding,pending full-text coding,pending full-text classification,pending full-text coding; no detailed claim drawn from title alone,bibliographic metadata verified; full-text analytical coding pending,Towards a trusted unmanned aerial system using blockchain for the protection of critical infrastructure,2022,10.1002/ett.3706
jensen2019blockchain,peer-reviewed primary study,air,UAV/UAS,communications/data collection,link/path,ledger/governance consistency,transmission/relay; audit/revocation/recovery,reported analysis/evaluation; detail reserved pending full-text check,not title-coded,not applicable/title-insufficient,ledger-supported trust/audit/data sharing; exact design pending full-text coding,pending full-text coding,pending full-text classification,pending full-text coding; no detailed claim drawn from title alone,bibliographic metadata verified; full-text analytical coding pending,Blockchain Technology for Networked Swarms of Unmanned Aerial Vehicles (UAVs),2019,10.1109/wowmom.2019.8793027
karmakar2024blockchain,peer-reviewed primary study,air,UAV/UAS,cross-domain mission assurance,entity; platform/device,commitment/provenance integrity; ledger/governance consistency,admission/authentication; audit/revocation/recovery,"PUF mutual authentication, EVM smart-contract implementation, and simulated cost/throughput/delay comparisons",not title-coded,not applicable/title-insufficient,ledger-supported trust/audit/data sharing; exact design pending full-text coding,"cloud-hosted peers, ground-station controller, modeled mobility, and K-means cluster formation",prototype and simulation (maturity level 3 for authentication service only),"cross-domain authentication is future work; no underwater, governance, or mission-outcome evaluation",lawful full text inspected; claim-level coding completed for review scope,A Blockchain-Based Distributed and Intelligent Clustering-Enabled Authentication Protocol for UAV Swarms,2024,10.1109/tmc.2023.3319544
han2022identity,peer-reviewed primary study,air,UAV/UAS,cross-domain mission assurance,entity; platform/device,commitment/provenance integrity; ledger/governance consistency,admission/authentication; audit/revocation/recovery,reported analysis/evaluation; detail reserved pending full-text check,not title-coded,not applicable/title-insufficient,ledger-supported trust/audit/data sharing; exact design pending full-text coding,pending full-text coding,pending full-text classification,pending full-text coding; no detailed claim drawn from title alone,bibliographic metadata verified; full-text analytical coding pending,Identity Management and Authentication of a UAV Swarm Based on a Blockchain,2022,10.3390/app122010524
xiao2021blockchain,peer-reviewed primary study,air,UAV/UAS,cross-domain mission assurance,data product; entity,ledger/governance consistency,audit/revocation/recovery,reported analysis/evaluation; detail reserved pending full-text check,not title-coded,not applicable/title-insufficient,ledger-supported trust/audit/data sharing; exact design pending full-text coding,pending full-text coding,pending full-text classification,pending full-text coding; no detailed claim drawn from title alone,bibliographic metadata verified; full-text analytical coding pending,A Blockchain-Based Secure Crowd Monitoring System Using UAV Swarm,2021,10.1109/mnet.011.2000210
abualsauod2022hybrid,peer-reviewed primary study,air,UAV/UAS,communications/data collection,link/path,ledger/governance consistency,transmission/relay; audit/revocation/recovery,reported analysis/evaluation; detail reserved pending full-text check,multiple security threats; privacy exposure,not applicable/title-insufficient,ledger-supported trust/audit/data sharing; exact design pending full-text coding,pending full-text coding,pending full-text classification,pending full-text coding; no detailed claim drawn from title alone,bibliographic metadata verified; full-text analytical coding pending,A hybrid blockchain method in internet of things for privacy and security in unmanned aerial vehicles network,2022,10.1016/j.compeleceng.2022.107847
tan2022blockchain,peer-reviewed primary study,air,UAV/UAS,cross-domain mission assurance,entity; platform/device,commitment/provenance integrity; ledger/governance consistency,admission/authentication; audit/revocation/recovery,Fabric 1.4 smart-contract prototype plus formal/security analysis and simulated cryptographic cost comparisons,not title-coded,not applicable/title-insufficient,ledger-supported trust/audit/data sharing; exact design pending full-text coding,"cloud-hosted peers, sufficient peer availability, and base-station coverage across the mission area",prototype and simulation (maturity level 3 for authentication service only),explicitly unsuitable where UAVs cannot reach blockchain services; no observation or cross-domain mission validation,lawful full text inspected; claim-level coding completed for review scope,Blockchain-Assisted Distributed and Lightweight Authentication Service for Industrial Unmanned Aerial Vehicles,2022,10.1109/jiot.2022.3142251
liu2023lightweight,peer-reviewed primary study,air,UAV/UAS,communications/data collection,link/path,mission-use suitability,transmission/relay; decision/action,reported analysis/evaluation; detail reserved pending full-text check,not title-coded,trust/reputation method; full-text coding pending,not central,pending full-text coding,pending full-text classification,pending full-text coding; no detailed claim drawn from title alone,bibliographic metadata verified; full-text analytical coding pending,Lightweight Trustworthy Message Exchange in Unmanned Aerial Vehicle Networks,2023,10.1109/tits.2021.3136304
aggarwal2021blockchain,peer-reviewed primary study,air,UAV/UAS,communications/data collection,link/path,ledger/governance consistency,transmission/relay; audit/revocation/recovery,reported analysis/evaluation; detail reserved pending full-text check,not title-coded,not applicable/title-insufficient,ledger-supported trust/audit/data sharing; exact design pending full-text coding,pending full-text coding,pending full-text classification,pending full-text coding; no detailed claim drawn from title alone,bibliographic metadata verified; full-text analytical coding pending,"Blockchain-Envisioned UAV Communication Using 6G Networks: Open Issues, Use Cases, and Future Directions",2021,10.1109/jiot.2020.3020819
kumari2020taxonomy,peer-reviewed review,air,UAV/UAS,communications/data collection,link/path,ledger/governance consistency,transmission/relay; audit/revocation/recovery,reported analysis/evaluation; detail reserved pending full-text check,not title-coded,not applicable/title-insufficient,ledger-supported trust/audit/data sharing; exact design pending full-text coding,pending full-text coding,pending full-text classification,pending full-text coding; no detailed claim drawn from title alone,bibliographic metadata verified; full-text analytical coding pending,A taxonomy of blockchain-enabled softwarization for secure UAV network,2020,10.1016/j.comcom.2020.07.042
islam2019bus,peer-reviewed primary study,air,UAV/UAS,cross-domain mission assurance,data product,ledger/governance consistency,audit/revocation/recovery,reported analysis/evaluation; detail reserved pending full-text check,not title-coded,not applicable/title-insufficient,ledger-supported trust/audit/data sharing; exact design pending full-text coding,pending full-text coding,pending full-text classification,pending full-text coding; no detailed claim drawn from title alone,bibliographic metadata verified; full-text analytical coding pending,BUS: A Blockchain-Enabled Data Acquisition Scheme With the Assistance of UAV Swarm in Internet of Things,2019,10.1109/access.2019.2930774
garcamagario2019security,peer-reviewed primary study,air,UAV/UAS,communications/data collection,link/path,ledger/governance consistency,transmission/relay; audit/revocation/recovery,reported analysis/evaluation; detail reserved pending full-text check,multiple security threats,not applicable/title-insufficient,ledger-supported trust/audit/data sharing; exact design pending full-text coding,pending full-text coding,pending full-text classification,pending full-text coding; no detailed claim drawn from title alone,bibliographic metadata verified; full-text analytical coding pending,Security in networks of unmanned aerial vehicles for surveillance with an agent-based approach inspired by the principles of blockchain,2019,10.1016/j.adhoc.2018.11.010
zhou2024towards,peer-reviewed primary study,air,UAV/UAS,communications/data collection,link/path,ledger/governance consistency,transmission/relay; audit/revocation/recovery,reported analysis/evaluation; detail reserved pending full-text check,not title-coded,not applicable/title-insufficient,ledger-supported trust/audit/data sharing; exact design pending full-text coding,pending full-text coding,pending full-text classification,pending full-text coding; no detailed claim drawn from title alone,bibliographic metadata verified; full-text analytical coding pending,Towards secure and resilient unmanned aerial vehicles swarm network based on blockchain,2024,10.1049/blc2.12050
phadke2024unifying,peer-reviewed primary study,air,UAV/UAS,cross-domain mission assurance,data product; entity,ledger/governance consistency,audit/revocation/recovery,reported analysis/evaluation; detail reserved pending full-text check,not title-coded,not applicable/title-insufficient,ledger-supported trust/audit/data sharing; exact design pending full-text coding,pending full-text coding,pending full-text classification,pending full-text coding; no detailed claim drawn from title alone,bibliographic metadata verified; full-text analytical coding pending,Unifying Sky and Chain: A Perspective on Blockchain’s Role in UAV Swarms,2024,10.1109/aibthings63359.2024.10863717
hawashin2024blockchain,peer-reviewed review,air,UAV/UAS,maritime logistics,data product; entity,ledger/governance consistency,audit/revocation/recovery,reported analysis/evaluation; detail reserved pending full-text check,not title-coded,not applicable/title-insufficient,ledger-supported trust/audit/data sharing; exact design pending full-text coding,pending full-text coding,pending full-text classification,pending full-text coding; no detailed claim drawn from title alone,lawful full text acquired and screened; fine-grained analytical coding pending,"Blockchain applications in UAV industry: Review, opportunities, and challenges",2024,10.1016/j.jnca.2024.103932
nomikos2023survey,peer-reviewed review,air; surface/maritime,UAV/UAS; USV/maritime infrastructure,communications/data collection,link/path,foundational/contextual,transmission/relay,reported analysis/evaluation; detail reserved pending full-text check,not title-coded,not applicable/title-insufficient,not central,pending full-text coding,pending full-text classification,pending full-text coding; no detailed claim drawn from title alone,bibliographic metadata verified; full-text analytical coding pending,"A Survey on UAV-Aided Maritime Communications: Deployment Considerations, Applications, and Future Challenges",2023,10.1109/ojcoms.2022.3225590
hu2024coordinated,peer-reviewed primary study,cross-cutting security/trust,generic IoT/edge/ledger node,navigation/localization,contextual/background,observation validity,cross-lifecycle,reported analysis/evaluation; detail reserved pending full-text check,not title-coded,not applicable/title-insufficient,not central,pending full-text coding,pending full-text classification,pending full-text coding; no detailed claim drawn from title alone,bibliographic metadata verified; full-text analytical coding pending,Coordinated Navigation Control of Cross-Domain Unmanned Systems via Guiding Vector Fields,2024,10.1109/tcst.2023.3323766
wei20233u,peer-reviewed primary study,air; underwater,UAV/UAS; UUV/IoUT,communications/data collection,link/path,foundational/contextual,transmission/relay,reported analysis/evaluation; detail reserved pending full-text check,not title-coded,not applicable/title-insufficient,not central,pending full-text coding,pending full-text classification,pending full-text coding; no detailed claim drawn from title alone,bibliographic metadata verified; full-text analytical coding pending,3U: Joint Design of UAV-USV-UUV Networks for Cooperative Target Hunting,2023,10.1109/tvt.2022.3220856
li2023survey,peer-reviewed review,surface/maritime,USV/maritime infrastructure,maritime search and rescue/observation,contextual/background,foundational/contextual,transmission/relay,"review of UAV, USV, UUV, and heterogeneous maritime search plus an illustrative USV--UAV platform",not title-coded,not applicable/title-insufficient,not central,maritime search missions and platform capabilities reported in the surveyed literature,review-level synthesis with limited platform integration,heterogeneous cooperative application remains early-stage and does not include mission-trust validation,lawful full text inspected; claim-level coding completed for review scope,"A survey of maritime unmanned search system: Theory, applications and future directions",2023,10.1016/j.oceaneng.2023.115359
bae2023survey,peer-reviewed review,surface/maritime,USV/maritime infrastructure,cross-domain mission assurance,contextual/background,foundational/contextual,cross-lifecycle,reported analysis/evaluation; detail reserved pending full-text check,not title-coded,not applicable/title-insufficient,not central,pending full-text coding,pending full-text classification,pending full-text coding; no detailed claim drawn from title alone,bibliographic metadata verified; full-text analytical coding pending,Survey on the Developments of Unmanned Marine Vehicles: Intelligence and Cooperation,2023,10.3390/s23104643
wibisono2023survey,peer-reviewed review,underwater,UUV/IoUT,maritime search and rescue/observation,contextual/background,foundational/contextual,cross-lifecycle,reported analysis/evaluation; detail reserved pending full-text check,not title-coded,not applicable/title-insufficient,not central,pending full-text coding,pending full-text classification,pending full-text coding; no detailed claim drawn from title alone,bibliographic metadata verified; full-text analytical coding pending,"A Survey on Unmanned Underwater Vehicles: Challenges, Enabling Technologies, and Future Research Directions",2023,10.3390/s23177321
jahanbakht2021internet,peer-reviewed review,surface/maritime; underwater,USV/maritime infrastructure; UUV/IoUT,cross-domain mission assurance,data product,foundational/contextual,processing/fusion/sharing,reported analysis/evaluation; detail reserved pending full-text check,not title-coded,not applicable/title-insufficient,not central,pending full-text coding,pending full-text classification,pending full-text coding; no detailed claim drawn from title alone,bibliographic metadata verified; full-text analytical coding pending,Internet of Underwater Things and Big Marine Data Analytics---A Comprehensive Survey,2021,10.1109/comst.2021.3053118
wei2022reliable,peer-reviewed review,underwater,UUV/IoUT,communications/data collection,link/path; data product,observation validity,sensing/collection; transmission/relay,reported analysis/evaluation; detail reserved pending full-text check,not title-coded,not applicable/title-insufficient,not central,pending full-text coding,pending full-text classification,pending full-text coding; no detailed claim drawn from title alone,lawful full text acquired and screened; fine-grained analytical coding pending,Reliable Data Collection Techniques in Underwater Wireless Sensor Networks: A Survey,2022,10.1109/comst.2021.3134955
mohsan2022towards,peer-reviewed review,underwater,UUV/IoUT,cross-domain mission assurance,contextual/background,foundational/contextual,cross-lifecycle,reported analysis/evaluation; detail reserved pending full-text check,not title-coded,not applicable/title-insufficient,not central,pending full-text coding,pending full-text classification,pending full-text coding; no detailed claim drawn from title alone,bibliographic metadata verified; full-text analytical coding pending,Towards the internet of underwater things: a comprehensive survey,2022,10.1007/s12145-021-00762-8
jouhari2019underwater,peer-reviewed review,underwater,UUV/IoUT,navigation/localization,link/path,observation validity,sensing/collection; transmission/relay,reported analysis/evaluation; detail reserved pending full-text check,not title-coded,not applicable/title-insufficient,not central,pending full-text coding,pending full-text classification,pending full-text coding; no detailed claim drawn from title alone,bibliographic metadata verified; full-text analytical coding pending,"Underwater Wireless Sensor Networks: A Survey on Enabling Technologies, Localization Protocols, and Internet of Underwater Things",2019,10.1109/access.2019.2928876
gonzlezgarca2020autonomous,peer-reviewed primary study,underwater,UUV/IoUT,navigation/localization,link/path,observation validity; mission-use suitability,transmission/relay; decision/action,reported analysis/evaluation; detail reserved pending full-text check,not title-coded,not applicable/title-insufficient,not central,pending full-text coding,pending full-text classification,pending full-text coding; no detailed claim drawn from title alone,bibliographic metadata verified; full-text analytical coding pending,"Autonomous Underwater Vehicles: Localization, Navigation, and Communication for Collaborative Missions",2020,10.3390/app10041256
wu2020cooperative,peer-reviewed primary study,underwater,UUV/IoUT,maritime search and rescue/observation,contextual/background,mission-use suitability,decision/action,reported analysis/evaluation; detail reserved pending full-text check,not title-coded,not applicable/title-insufficient,not central,pending full-text coding,pending full-text classification,pending full-text coding; no detailed claim drawn from title alone,bibliographic metadata verified; full-text analytical coding pending,Cooperative Path Planning for Heterogeneous Unmanned Vehicles in a Search-and-Track Mission Aiming at an Underwater Target,2020,10.1109/tvt.2020.2991983
ke2022cooperative,peer-reviewed primary study,cross-cutting security/trust,generic IoT/edge/ledger node,maritime search and rescue/observation,contextual/background,mission-use suitability,decision/action,reported analysis/evaluation; detail reserved pending full-text check,not title-coded,not applicable/title-insufficient,not central,pending full-text coding,pending full-text classification,pending full-text coding; no detailed claim drawn from title alone,bibliographic metadata verified; full-text analytical coding pending,Cooperative path planning for air--sea heterogeneous unmanned vehicles using search-and-tracking mission,2022,10.1016/j.oceaneng.2022.112020
stolfi2021uav,peer-reviewed primary study,air,UAV/UAS,cross-domain mission assurance,contextual/background,foundational/contextual,cross-lifecycle,reported analysis/evaluation; detail reserved pending full-text check,not title-coded,not applicable/title-insufficient,not central,pending full-text coding,pending full-text classification,pending full-text coding; no detailed claim drawn from title alone,bibliographic metadata verified; full-text analytical coding pending,UAV-UGV-UMV Multi-Swarms for Cooperative Surveillance,2021,10.3389/frobt.2021.616950
xue2021distributed,peer-reviewed primary study,air,UAV/UAS,cross-domain mission assurance,contextual/background,ledger/governance consistency,cross-lifecycle,reported analysis/evaluation; detail reserved pending full-text check,not title-coded,not applicable/title-insufficient,not central,pending full-text coding,pending full-text classification,pending full-text coding; no detailed claim drawn from title alone,bibliographic metadata verified; full-text analytical coding pending,Distributed Consensus of USVs under Heterogeneous UAV-USV Multi-Agent Systems Cooperative Control Scheme,2021,10.3390/jmse9111314
liu2023formation,peer-reviewed primary study,air; underwater,UAV/UAS; UUV/IoUT,cross-domain mission assurance,contextual/background,foundational/contextual,cross-lifecycle,reported analysis/evaluation; detail reserved pending full-text check,not title-coded,not applicable/title-insufficient,not central,pending full-text coding,pending full-text classification,pending full-text coding; no detailed claim drawn from title alone,bibliographic metadata verified; full-text analytical coding pending,Formation Control for Mixed-Order UAVs--USVs--UUVs Systems under Cooperative and Optimal Control,2023,10.3390/jmse11040704
ke2023cross,peer-reviewed primary study,cross-cutting security/trust,generic IoT/edge/ledger node,cross-domain mission assurance,contextual/background,foundational/contextual,cross-lifecycle,reported analysis/evaluation; detail reserved pending full-text check,not title-coded,not applicable/title-insufficient,not central,pending full-text coding,pending full-text classification,pending full-text coding; no detailed claim drawn from title alone,bibliographic metadata verified; full-text analytical coding pending,Cross-Domain Fixed-Time Formation Control for an Air-Sea Heterogeneous Unmanned System with Disturbances,2023,10.3390/jmse11071336
nomikos2024improving,peer-reviewed primary study,air; surface/maritime,UAV/UAS; USV/maritime infrastructure,communications/data collection,link/path,foundational/contextual,transmission/relay,reported analysis/evaluation; detail reserved pending full-text check,not title-coded,not applicable/title-insufficient,not central,pending full-text coding,pending full-text classification,pending full-text coding; no detailed claim drawn from title alone,bibliographic metadata verified; full-text analytical coding pending,Improving Connectivity in 6G Maritime Communication Networks With UAV Swarms,2024,10.1109/access.2024.3360133
pang2026cooperative,peer-reviewed primary study,air; underwater,UAV/UAS; UUV/IoUT,cross-domain mission assurance,contextual/background,foundational/contextual,cross-lifecycle,reported analysis/evaluation; detail reserved pending full-text check,not title-coded,not applicable/title-insufficient,not central,pending full-text coding,pending full-text classification,pending full-text coding; no detailed claim drawn from title alone,bibliographic metadata verified; full-text analytical coding pending,A cooperative heterogeneous formation control and motion planning design of 3U: UAV-USV-UUV systems,2026,10.1016/j.oceaneng.2025.123867
farah2024survey,peer-reviewed review,surface/maritime,USV/maritime infrastructure,cross-domain mission assurance,data product; entity,ledger/governance consistency,transmission/relay; audit/revocation/recovery,reported analysis/evaluation; detail reserved pending full-text check,not title-coded,not applicable/title-insufficient,ledger-supported trust/audit/data sharing; exact design pending full-text coding,pending full-text coding,pending full-text classification,pending full-text coding; no detailed claim drawn from title alone,bibliographic metadata verified; full-text analytical coding pending,A survey on blockchain technology in the maritime industry: Challenges and future perspectives,2024,10.1016/j.future.2024.03.046
li2021survey,peer-reviewed review,surface/maritime,USV/maritime infrastructure,maritime logistics,data product; entity,ledger/governance consistency,transmission/relay; audit/revocation/recovery,reported analysis/evaluation; detail reserved pending full-text check,not title-coded,not applicable/title-insufficient,ledger-supported trust/audit/data sharing; exact design pending full-text coding,pending full-text coding,pending full-text classification,pending full-text coding; no detailed claim drawn from title alone,bibliographic metadata verified; full-text analytical coding pending,A survey of blockchain with applications in maritime and shipping industry,2021,10.1007/s10257-020-00480-6
yang2019maritime,peer-reviewed primary study,surface/maritime,USV/maritime infrastructure,maritime logistics,data product; entity,ledger/governance consistency,transmission/relay; audit/revocation/recovery,reported analysis/evaluation; detail reserved pending full-text check,not title-coded,not applicable/title-insufficient,ledger-supported trust/audit/data sharing; exact design pending full-text coding,pending full-text coding,pending full-text classification,pending full-text coding; no detailed claim drawn from title alone,bibliographic metadata verified; full-text analytical coding pending,"Maritime shipping digitalization: Blockchain-based technology applications, future improvements, and intention to use",2019,10.1016/j.tre.2019.09.020
zhang2022blockchain,peer-reviewed primary study,surface/maritime,USV/maritime infrastructure,maritime logistics,entity; platform/device,commitment/provenance integrity; ledger/governance consistency,admission/authentication; transmission/relay; audit/revocation/recovery,reported analysis/evaluation; detail reserved pending full-text check,not title-coded,not applicable/title-insufficient,ledger-supported trust/audit/data sharing; exact design pending full-text coding,pending full-text coding,pending full-text classification,pending full-text coding; no detailed claim drawn from title alone,bibliographic metadata verified; full-text analytical coding pending,A Blockchain-Based Authentication Scheme and Secure Architecture for IoT-Enabled Maritime Transportation Systems,2022,10.1109/tits.2022.3159485
yang2022efficient,peer-reviewed primary study,surface/maritime,USV/maritime infrastructure,maritime logistics,entity; platform/device,ledger/governance consistency,admission/authentication; transmission/relay; audit/revocation/recovery,reported analysis/evaluation; detail reserved pending full-text check,not title-coded,not applicable/title-insufficient,ledger-supported trust/audit/data sharing; exact design pending full-text coding,pending full-text coding,pending full-text classification,pending full-text coding; no detailed claim drawn from title alone,bibliographic metadata verified; full-text analytical coding pending,An Efficient Identity-Based Aggregate Signcryption Scheme With Blockchain for IoT-Enabled Maritime Transportation System,2022,10.1109/tgcn.2022.3163596
jiang2019securing,peer-reviewed review,underwater,UUV/IoUT,communications/data collection,link/path,foundational/contextual,transmission/relay,reported analysis/evaluation; detail reserved pending full-text check,not title-coded,not applicable/title-insufficient,not central,pending full-text coding,pending full-text classification,pending full-text coding; no detailed claim drawn from title alone,lawful full text acquired and screened; fine-grained analytical coding pending,On Securing Underwater Acoustic Networks: A Survey,2019,10.1109/comst.2018.2864127
yisa2021security,peer-reviewed review,underwater,UUV/IoUT,cross-domain mission assurance,contextual/background,foundational/contextual,cross-lifecycle,reported analysis/evaluation; detail reserved pending full-text check,multiple security threats,not applicable/title-insufficient,not central,pending full-text coding,pending full-text classification,pending full-text coding; no detailed claim drawn from title alone,bibliographic metadata verified; full-text analytical coding pending,Security challenges of Internet of Underwater Things: A systematic literature review,2021,10.1002/ett.4203
adam2024state,peer-reviewed review,underwater,UUV/IoUT,cross-domain mission assurance,contextual/background,foundational/contextual,cross-lifecycle,reported analysis/evaluation; detail reserved pending full-text check,multiple security threats,not applicable/title-insufficient,not central,pending full-text coding,pending full-text classification,pending full-text coding; no detailed claim drawn from title alone,bibliographic metadata verified; full-text analytical coding pending,State-of-the-Art Security Schemes for the Internet of Underwater Things: A Holistic Survey,2024,10.1109/ojcoms.2024.3474290
yang2018challenges,peer-reviewed primary study,underwater,UUV/IoUT,communications/data collection,link/path,observation validity,sensing/collection; transmission/relay,reported analysis/evaluation; detail reserved pending full-text check,multiple security threats,not applicable/title-insufficient,not central,pending full-text coding,pending full-text classification,pending full-text coding; no detailed claim drawn from title alone,bibliographic metadata verified; full-text analytical coding pending,"Challenges, Threats, Security Issues and New Trends of Underwater Wireless Sensor Networks",2018,10.3390/s18113907
ali2020recent,peer-reviewed primary study,underwater,UUV/IoUT,communications/data collection,link/path,foundational/contextual,transmission/relay,reported analysis/evaluation; detail reserved pending full-text check,not title-coded,not applicable/title-insufficient,not central,pending full-text coding,pending full-text classification,pending full-text coding; no detailed claim drawn from title alone,bibliographic metadata verified; full-text analytical coding pending,Recent Advances and Future Directions on Underwater Wireless Communications,2020,10.1007/s11831-019-09354-8
saeed2019underwater,peer-reviewed review,underwater,UUV/IoUT,navigation/localization,link/path,foundational/contextual,transmission/relay,reported analysis/evaluation; detail reserved pending full-text check,not title-coded,not applicable/title-insufficient,not central,pending full-text coding,pending full-text classification,pending full-text coding; no detailed claim drawn from title alone,bibliographic metadata verified; full-text analytical coding pending,"Underwater optical wireless communications, networking, and localization: A survey",2019,10.1016/j.adhoc.2019.101935
diamant2018low,peer-reviewed review,underwater,UUV/IoUT,communications/data collection,link/path,observation validity,sensing/collection; transmission/relay,reported analysis/evaluation; detail reserved pending full-text check,not title-coded,not applicable/title-insufficient,not central,pending full-text coding,pending full-text classification,pending full-text coding; no detailed claim drawn from title alone,bibliographic metadata verified; full-text analytical coding pending,Low Probability of Detection for Underwater Acoustic Communication: A Review,2018,10.1109/access.2018.2818110
zhu2024design,peer-reviewed review,underwater,UUV/IoUT,communications/data collection,link/path,observation validity; mission-use suitability,sensing/collection; transmission/relay; decision/action,"UWSN trust-management taxonomy, process decomposition, method comparison, and design guidelines",not title-coded,trust/reputation method; full-text coding pending,not central,published UWSN trust models are comparable through common evidence/evaluation/propagation stages,review-level synthesis,does not itself validate an integrated mission-trust implementation,lawful full text inspected; claim-level coding completed for review scope,Design Guidelines on Trust Management for Underwater Wireless Sensor Networks,2024,10.1109/comst.2024.3389728
jiang2020dynamic,peer-reviewed primary study,underwater,UUV/IoUT,communications/data collection,link/path,observation validity; mission-use suitability,sensing/collection; transmission/relay; decision/action,"C4.5 classification of data-, link-, and node-based trust evidence with simulated attack and energy comparisons",not title-coded,trust/reputation method; full-text coding pending,not central,base station performs classification; evaluated trust evidence is not maliciously polluted,software simulation (maturity level 2),actual underwater applicability not tested; acoustic loss can make normal nodes appear untrustworthy,lawful full text inspected; claim-level coding completed for review scope,A Dynamic Trust Evaluation and Update Mechanism Based on C4.5 Decision Tree in Underwater Wireless Sensor Networks,2020,10.1109/tvt.2020.2999566
arifeen2020hidden,peer-reviewed primary study,underwater,UUV/IoUT,communications/data collection,link/path,observation validity; mission-use suitability,sensing/collection; transmission/relay; decision/action,HMM construction using packet-loss/error observations plus MATLAB numerical illustration and analytical cipher cost,not title-coded,hidden Markov model,not central,packet loss/error discriminate malicious from trustworthy state; illustration uses random probabilities and ten observations,analytical and numerical illustration (maturity level 1--2),no calibrated attack/environment separation or representative underwater deployment,lawful full text inspected; claim-level coding completed for review scope,Hidden Markov Model based Trust Management Model for Underwater Wireless Sensor Networks,2020,10.1145/3377049.3377054
liu2023survey,peer-reviewed review,general IoT/distributed systems,generic IoT/edge/ledger node,cross-domain mission assurance,entity; platform/device,ledger/governance consistency; mission-use suitability,decision/action; audit/revocation/recovery,reported analysis/evaluation; detail reserved pending full-text check,not title-coded,trust/reputation method; full-text coding pending,ledger-supported trust/audit/data sharing; exact design pending full-text coding,pending full-text coding,pending full-text classification,pending full-text coding; no detailed claim drawn from title alone,bibliographic metadata verified; full-text analytical coding pending,A Survey on Blockchain-Based Trust Management for Internet of Things,2023,10.1109/jiot.2023.3237893
ahmed2019trust,peer-reviewed review,general IoT/distributed systems,generic IoT/edge/ledger node,maritime search and rescue/observation,entity; platform/device,mission-use suitability,decision/action,reported analysis/evaluation; detail reserved pending full-text check,not title-coded,trust/reputation method; full-text coding pending,not central,pending full-text coding,pending full-text classification,pending full-text coding; no detailed claim drawn from title alone,lawful full text acquired and screened; fine-grained analytical coding pending,"Trust and reputation for Internet of Things: Fundamentals, taxonomy, and open research challenges",2019,10.1016/j.jnca.2019.102409
aaqib2023iot,peer-reviewed review,general IoT/distributed systems,generic IoT/edge/ledger node,cross-domain mission assurance,entity; platform/device,mission-use suitability,decision/action,reported analysis/evaluation; detail reserved pending full-text check,not title-coded,trust/reputation method; full-text coding pending,not central,pending full-text coding,pending full-text classification,pending full-text coding; no detailed claim drawn from title alone,bibliographic metadata verified; full-text analytical coding pending,IoT trust and reputation: a survey and taxonomy,2023,10.1186/s13677-023-00416-8
junior2021survey,peer-reviewed review,general IoT/distributed systems,generic IoT/edge/ledger node,cross-domain mission assurance,entity; platform/device,mission-use suitability,decision/action,reported analysis/evaluation; detail reserved pending full-text check,not title-coded,trust/reputation method; full-text coding pending,not central,pending full-text coding,pending full-text classification,pending full-text coding; no detailed claim drawn from title alone,lawful full text acquired and screened; fine-grained analytical coding pending,A Survey on Trustworthiness for the Internet of Things,2021,10.1109/access.2021.3066457
bellini2020blockchain,peer-reviewed review,general IoT/distributed systems,generic IoT/edge/ledger node,cross-domain mission assurance,entity; platform/device,ledger/governance consistency; mission-use suitability,decision/action; audit/revocation/recovery,reported analysis/evaluation; detail reserved pending full-text check,not title-coded,trust/reputation method; full-text coding pending,ledger-supported trust/audit/data sharing; exact design pending full-text coding,pending full-text coding,pending full-text classification,pending full-text coding; no detailed claim drawn from title alone,lawful full text acquired and screened; fine-grained analytical coding pending,Blockchain-Based Distributed Trust and Reputation Management Systems: A Survey,2020,10.1109/access.2020.2969820
hbaieb2022survey,peer-reviewed review,cross-cutting security/trust,generic IoT/edge/ledger node,cross-domain mission assurance,entity; platform/device,mission-use suitability,decision/action,reported analysis/evaluation; detail reserved pending full-text check,not title-coded,trust/reputation method; full-text coding pending,not central,pending full-text coding,pending full-text classification,pending full-text coding; no detailed claim drawn from title alone,bibliographic metadata verified; full-text analytical coding pending,A survey of trust management in the Internet of Vehicles,2022,10.1016/j.comnet.2021.108558
mohammadi2019trust,peer-reviewed review,general IoT/distributed systems,generic IoT/edge/ledger node,cross-domain mission assurance,entity; platform/device,mission-use suitability,decision/action,reported analysis/evaluation; detail reserved pending full-text check,not title-coded,trust/reputation method; full-text coding pending,not central,pending full-text coding,pending full-text classification,pending full-text coding; no detailed claim drawn from title alone,bibliographic metadata verified; full-text analytical coding pending,Trust-based recommendation systems in Internet of Things: a systematic literature review,2019,10.1186/s13673-019-0183-8
alkhafajiy2020comitment,peer-reviewed primary study,cross-cutting security/trust,generic IoT/edge/ledger node,cross-domain mission assurance,entity; platform/device,mission-use suitability,decision/action,reported analysis/evaluation; detail reserved pending full-text check,not title-coded,trust/reputation method; full-text coding pending,not central,pending full-text coding,pending full-text classification,pending full-text coding; no detailed claim drawn from title alone,bibliographic metadata verified; full-text analytical coding pending,COMITMENT: A Fog Computing Trust Management Approach,2020,10.1016/j.jpdc.2019.10.006
kumar2022leveraging,peer-reviewed review,general IoT/distributed systems,generic IoT/edge/ledger node,cross-domain mission assurance,entity; platform/device,ledger/governance consistency; mission-use suitability,decision/action; audit/revocation/recovery,reported analysis/evaluation; detail reserved pending full-text check,not title-coded,trust/reputation method; full-text coding pending,ledger-supported trust/audit/data sharing; exact design pending full-text coding,pending full-text coding,pending full-text classification,pending full-text coding; no detailed claim drawn from title alone,bibliographic metadata verified; full-text analytical coding pending,Leveraging blockchain for ensuring trust in IoT: A survey,2022,10.1016/j.jksuci.2021.09.004
li2021blockchain,peer-reviewed review,general IoT/distributed systems,generic IoT/edge/ledger node,cross-domain mission assurance,entity; platform/device,ledger/governance consistency; mission-use suitability,decision/action; audit/revocation/recovery,reported analysis/evaluation; detail reserved pending full-text check,not title-coded,trust/reputation method; full-text coding pending,ledger-supported trust/audit/data sharing; exact design pending full-text coding,pending full-text coding,pending full-text classification,pending full-text coding; no detailed claim drawn from title alone,bibliographic metadata verified; full-text analytical coding pending,"Blockchain-based trust management in cloud computing systems: a taxonomy, review and future directions",2021,10.1186/s13677-021-00247-5
syed2022zero,peer-reviewed review,cross-cutting security/trust,generic IoT/edge/ledger node,cross-domain mission assurance,entity; platform/device,mission-use suitability,admission/authentication; decision/action,reported analysis/evaluation; detail reserved pending full-text check,not title-coded,trust/reputation method; full-text coding pending,not central,pending full-text coding,pending full-text classification,pending full-text coding; no detailed claim drawn from title alone,lawful full text acquired and screened; fine-grained analytical coding pending,Zero Trust Architecture (ZTA): A Comprehensive Survey,2022,10.1109/access.2022.3174679
veith2023road,peer-reviewed review,cross-cutting security/trust,generic IoT/edge/ledger node,cross-domain mission assurance,entity; platform/device,mission-use suitability,decision/action,reported analysis/evaluation; detail reserved pending full-text check,not title-coded,trust/reputation method; full-text coding pending,not central,pending full-text coding,pending full-text classification,pending full-text coding; no detailed claim drawn from title alone,lawful full text acquired and screened; fine-grained analytical coding pending,The Road to Trustworthy 6G: A Survey on Trust Anchor Technologies,2023,10.1109/ojcoms.2023.3244274
rose2020zero,peer-reviewed primary study,cross-cutting security/trust,generic IoT/edge/ledger node,cross-domain mission assurance,entity; platform/device,mission-use suitability,admission/authentication; decision/action,reported analysis/evaluation; detail reserved pending full-text check,not title-coded,trust/reputation method; full-text coding pending,not central,pending full-text coding,pending full-text classification,pending full-text coding; no detailed claim drawn from title alone,bibliographic metadata verified; full-text analytical coding pending,Zero Trust Architecture,2020,10.6028/nist.sp.800-207
fagan2020iot,peer-reviewed primary study,general IoT/distributed systems,generic IoT/edge/ledger node,cross-domain mission assurance,contextual/background,foundational/contextual,cross-lifecycle,reported analysis/evaluation; detail reserved pending full-text check,multiple security threats,not applicable/title-insufficient,not central,pending full-text coding,pending full-text classification,pending full-text coding; no detailed claim drawn from title alone,bibliographic metadata verified; full-text analytical coding pending,IoT device cybersecurity capability core baseline,2020,10.6028/nist.ir.8259a
birkholz2023remote,peer-reviewed primary study,cross-cutting security/trust,generic IoT/edge/ledger node,cross-domain mission assurance,entity; platform/device,commitment/provenance integrity,admission/authentication,reported analysis/evaluation; detail reserved pending full-text check,not title-coded,not applicable/title-insufficient,not central,pending full-text coding,pending full-text classification,pending full-text coding; no detailed claim drawn from title alone,bibliographic metadata verified; full-text analytical coding pending,Remote ATtestation procedureS (RATS) Architecture,2023,10.17487/rfc9334
jsang2016subjective,peer-reviewed primary study,cross-cutting security/trust,generic IoT/edge/ledger node,cross-domain mission assurance,contextual/background,foundational/contextual,cross-lifecycle,reported analysis/evaluation; detail reserved pending full-text check,not title-coded,subjective logic,not central,pending full-text coding,pending full-text classification,pending full-text coding; no detailed claim drawn from title alone,lawful full text acquired and screened; fine-grained analytical coding pending,Subjective Logic,2016,10.1007/978-3-319-42337-1
mui2003computational,peer-reviewed primary study,cross-cutting security/trust,generic IoT/edge/ledger node,cross-domain mission assurance,entity; platform/device,mission-use suitability,decision/action,reported analysis/evaluation; detail reserved pending full-text check,not title-coded,trust/reputation method; full-text coding pending,not central,pending full-text coding,pending full-text classification,pending full-text coding; no detailed claim drawn from title alone,bibliographic metadata verified; full-text analytical coding pending,A computational model of trust and reputation,2003,10.1109/hicss.2002.994181
kamvar2003eigentrust,peer-reviewed primary study,cross-cutting security/trust,generic IoT/edge/ledger node,communications/data collection,link/path,mission-use suitability,transmission/relay; decision/action,reported analysis/evaluation; detail reserved pending full-text check,not title-coded,spectral reputation,not central,pending full-text coding,pending full-text classification,pending full-text coding; no detailed claim drawn from title alone,bibliographic metadata verified; full-text analytical coding pending,The Eigentrust algorithm for reputation management in P2P networks,2003,10.1145/775152.775242
androulaki2018hyperledger,peer-reviewed primary study,cross-cutting security/trust,generic IoT/edge/ledger node,cross-domain mission assurance,contextual/background,ledger/governance consistency,cross-lifecycle,reported analysis/evaluation; detail reserved pending full-text check,not title-coded,not applicable/title-insufficient,ledger-supported trust/audit/data sharing; exact design pending full-text coding,pending full-text coding,pending full-text classification,pending full-text coding; no detailed claim drawn from title alone,bibliographic metadata verified; full-text analytical coding pending,Hyperledger fabric,2018,10.1145/3190508.3190538
yaga2018blockchain,peer-reviewed primary study,general IoT/distributed systems,generic IoT/edge/ledger node,cross-domain mission assurance,data product; entity,ledger/governance consistency,audit/revocation/recovery,reported analysis/evaluation; detail reserved pending full-text check,not title-coded,not applicable/title-insufficient,ledger-supported trust/audit/data sharing; exact design pending full-text coding,pending full-text coding,pending full-text classification,pending full-text coding; no detailed claim drawn from title alone,bibliographic metadata verified; full-text analytical coding pending,Blockchain technology overview,2018,10.6028/nist.ir.8202
ali2019applications,peer-reviewed review,general IoT/distributed systems,generic IoT/edge/ledger node,cross-domain mission assurance,data product; entity,ledger/governance consistency,audit/revocation/recovery,reported analysis/evaluation; detail reserved pending full-text check,not title-coded,not applicable/title-insufficient,ledger-supported trust/audit/data sharing; exact design pending full-text coding,pending full-text coding,pending full-text classification,pending full-text coding; no detailed claim drawn from title alone,bibliographic metadata verified; full-text analytical coding pending,Applications of Blockchains in the Internet of Things: A Comprehensive Survey,2019,10.1109/comst.2018.2886932
reyna2018blockchain,peer-reviewed primary study,general IoT/distributed systems,generic IoT/edge/ledger node,maritime logistics,data product; entity,ledger/governance consistency,audit/revocation/recovery,reported analysis/evaluation; detail reserved pending full-text check,not title-coded,not applicable/title-insufficient,ledger-supported trust/audit/data sharing; exact design pending full-text coding,pending full-text coding,pending full-text classification,pending full-text coding; no detailed claim drawn from title alone,lawful full text acquired and screened; fine-grained analytical coding pending,On blockchain and its integration with IoT. Challenges and opportunities,2018,10.1016/j.future.2018.05.046
li2020survey,peer-reviewed review,general IoT/distributed systems,generic IoT/edge/ledger node,cross-domain mission assurance,data product; entity,ledger/governance consistency,audit/revocation/recovery,reported analysis/evaluation; detail reserved pending full-text check,multiple security threats,not applicable/title-insufficient,ledger-supported trust/audit/data sharing; exact design pending full-text coding,pending full-text coding,pending full-text classification,pending full-text coding; no detailed claim drawn from title alone,bibliographic metadata verified; full-text analytical coding pending,A survey on the security of blockchain systems,2020,10.1016/j.future.2017.08.020
wang2019survey,peer-reviewed review,general IoT/distributed systems,generic IoT/edge/ledger node,communications/data collection,link/path,ledger/governance consistency,transmission/relay; audit/revocation/recovery,reported analysis/evaluation; detail reserved pending full-text check,not title-coded,not applicable/title-insufficient,ledger-supported trust/audit/data sharing; exact design pending full-text coding,pending full-text coding,pending full-text classification,pending full-text coding; no detailed claim drawn from title alone,bibliographic metadata verified; full-text analytical coding pending,A Survey on Consensus Mechanisms and Mining Strategy Management in Blockchain Networks,2019,10.1109/access.2019.2896108
lashkari2021comprehensive,peer-reviewed review,general IoT/distributed systems,generic IoT/edge/ledger node,cross-domain mission assurance,data product; entity,ledger/governance consistency,audit/revocation/recovery,reported analysis/evaluation; detail reserved pending full-text check,not title-coded,not applicable/title-insufficient,ledger-supported trust/audit/data sharing; exact design pending full-text coding,pending full-text coding,pending full-text classification,pending full-text coding; no detailed claim drawn from title alone,bibliographic metadata verified; full-text analytical coding pending,A Comprehensive Review of Blockchain Consensus Mechanisms,2021,10.1109/access.2021.3065880
hafid2020scaling,peer-reviewed review,general IoT/distributed systems,generic IoT/edge/ledger node,cross-domain mission assurance,data product; entity,ledger/governance consistency,audit/revocation/recovery,reported analysis/evaluation; detail reserved pending full-text check,not title-coded,not applicable/title-insufficient,ledger-supported trust/audit/data sharing; exact design pending full-text coding,pending full-text coding,pending full-text classification,pending full-text coding; no detailed claim drawn from title alone,bibliographic metadata verified; full-text analytical coding pending,Scaling Blockchains: A Comprehensive Survey,2020,10.1109/access.2020.3007251
zhang2020analysis,peer-reviewed review/analysis,general IoT/distributed systems,generic IoT/edge/ledger node,cross-domain mission assurance,data product; entity,ledger/governance consistency,audit/revocation/recovery,comparative analysis of probabilistic- and absolute-finality consensus families,not title-coded,not applicable/title-insufficient,ledger-supported trust/audit/data sharing; exact design pending full-text coding,consensus protocols compared under their stated fault and membership models,analytical comparison,not an unmanned-system or partitioned-mission benchmark,lawful full text inspected; claim-level coding completed for review scope,Analysis of the main consensus protocols of blockchain,2020,10.1016/j.icte.2019.08.001
dorri2017towards,peer-reviewed primary study,general IoT/distributed systems,generic IoT/edge/ledger node,cross-domain mission assurance,data product; entity,ledger/governance consistency,audit/revocation/recovery,reported analysis/evaluation; detail reserved pending full-text check,not title-coded,not applicable/title-insufficient,ledger-supported trust/audit/data sharing; exact design pending full-text coding,pending full-text coding,pending full-text classification,pending full-text coding; no detailed claim drawn from title alone,bibliographic metadata verified; full-text analytical coding pending,Towards an Optimized BlockChain for IoT,2017,10.1145/3054977.3055003
hang2019design,peer-reviewed primary study,general IoT/distributed systems,generic IoT/edge/ledger node,cross-domain mission assurance,data product,commitment/provenance integrity; ledger/governance consistency,audit/revocation/recovery,reported analysis/evaluation; detail reserved pending full-text check,not title-coded,not applicable/title-insufficient,ledger-supported trust/audit/data sharing; exact design pending full-text coding,pending full-text coding,pending full-text classification,pending full-text coding; no detailed claim drawn from title alone,bibliographic metadata verified; full-text analytical coding pending,Design and Implementation of an Integrated IoT Blockchain Platform for Sensing Data Integrity,2019,10.3390/s19102228
honarpajooh2021iot,peer-reviewed primary study,general IoT/distributed systems,generic IoT/edge/ledger node,cross-domain mission assurance,data product,commitment/provenance integrity; ledger/governance consistency,processing/fusion/sharing; audit/revocation/recovery,reported analysis/evaluation; detail reserved pending full-text check,not title-coded,not applicable/title-insufficient,ledger-supported trust/audit/data sharing; exact design pending full-text coding,pending full-text coding,pending full-text classification,pending full-text coding; no detailed claim drawn from title alone,bibliographic metadata verified; full-text analytical coding pending,IoT Big Data provenance scheme using blockchain on Hadoop ecosystem,2021,10.1186/s40537-021-00505-y
hu2020survey,peer-reviewed review,general IoT/distributed systems,generic IoT/edge/ledger node,cross-domain mission assurance,data product,commitment/provenance integrity,processing/fusion/sharing,reported analysis/evaluation; detail reserved pending full-text check,not title-coded,not applicable/title-insufficient,possible provenance anchor; source does not necessarily require a ledger,pending full-text coding,pending full-text classification,pending full-text coding; no detailed claim drawn from title alone,bibliographic metadata verified; full-text analytical coding pending,A survey on data provenance in IoT,2020,10.1007/s11280-019-00746-1
pan2023data,peer-reviewed primary study,cross-cutting security/trust,generic IoT/edge/ledger node,cross-domain mission assurance,data product,commitment/provenance integrity,processing/fusion/sharing,reported analysis/evaluation; detail reserved pending full-text check,multiple security threats; privacy exposure,not applicable/title-insufficient,possible provenance anchor; source does not necessarily require a ledger,pending full-text coding,pending full-text classification,pending full-text coding; no detailed claim drawn from title alone,lawful full text acquired and screened; fine-grained analytical coding pending,Data Provenance in Security and Privacy,2023,10.1145/3593294
singh2019decision,peer-reviewed primary study,cross-cutting security/trust,generic IoT/edge/ledger node,cross-domain mission assurance,data product,commitment/provenance integrity; mission-use suitability,processing/fusion/sharing; decision/action,reported analysis/evaluation; detail reserved pending full-text check,not title-coded,not applicable/title-insufficient,possible provenance anchor; source does not necessarily require a ledger,pending full-text coding,pending full-text classification,pending full-text coding; no detailed claim drawn from title alone,bibliographic metadata verified; full-text analytical coding pending,Decision Provenance: Harnessing Data Flow for Accountable Systems,2019,10.1109/access.2018.2887201
kale2023provenance,peer-reviewed review,cross-cutting security/trust,generic IoT/edge/ledger node,cross-domain mission assurance,data product,commitment/provenance integrity; mission-use suitability,processing/fusion/sharing; decision/action,reported analysis/evaluation; detail reserved pending full-text check,not title-coded,trust/reputation method; full-text coding pending,possible provenance anchor; source does not necessarily require a ledger,pending full-text coding,pending full-text classification,pending full-text coding; no detailed claim drawn from title alone,bibliographic metadata verified; full-text analytical coding pending,Provenance documentation to enable explainable and trustworthy AI: A literature review,2023,10.1162/dint_a_00119
hardjono2021towards,peer-reviewed primary study,general IoT/distributed systems,generic IoT/edge/ledger node,communications/data collection,entity; platform/device; link/path,commitment/provenance integrity; ledger/governance consistency,admission/authentication; transmission/relay; audit/revocation/recovery,reported analysis/evaluation; detail reserved pending full-text check,not title-coded,not applicable/title-insufficient,ledger-supported trust/audit/data sharing; exact design pending full-text coding,pending full-text coding,pending full-text classification,pending full-text coding; no detailed claim drawn from title alone,bibliographic metadata verified; full-text analytical coding pending,Towards an attestation architecture for blockchain networks,2021,10.1007/s11280-021-00869-4
ott2023universal,peer-reviewed primary study,cross-cutting security/trust,generic IoT/edge/ledger node,cross-domain mission assurance,entity; platform/device,commitment/provenance integrity,admission/authentication,"implemented hardware-agnostic attestation for TPM, AMD SEV-SNP, and ARM PSA with latency, size, and security evaluation",not title-coded,not applicable/title-insufficient,not central,"trusted hardware roots, signed reference manifests, TLS 1.3, and valid appraisal metadata",multi-platform prototype (maturity level 3),"cloud/edge testbed; attests measured platform state, not sensor calibration or physical truth",lawful full text inspected; claim-level coding completed for review scope,Universal Remote Attestation for Cloud and Edge Platforms,2023,10.1145/3600160.3600171
figueiredo2022arcadian,peer-reviewed primary study,general IoT/distributed systems,generic IoT/edge/ledger node,cross-domain mission assurance,entity; platform/device,mission-use suitability,decision/action,reported analysis/evaluation; detail reserved pending full-text check,multiple security threats; privacy exposure,trust/reputation method; full-text coding pending,not central,pending full-text coding,pending full-text classification,pending full-text coding; no detailed claim drawn from title alone,bibliographic metadata verified; full-text analytical coding pending,"ARCADIAN-IoT - Enabling Autonomous Trust, Security and Privacy Management for IoT",2022,10.1007/978-3-031-20936-9_28
baciu2025secure,peer-reviewed primary study,cross-cutting security/trust,generic IoT/edge/ledger node,cross-domain mission assurance,entity; platform/device,commitment/provenance integrity,admission/authentication,reported analysis/evaluation; detail reserved pending full-text check,not title-coded,machine learning,not central,pending full-text coding,pending full-text classification,pending full-text coding; no detailed claim drawn from title alone,bibliographic metadata verified; full-text analytical coding pending,Secure Tiny Machine Learning on Edge Devices: A Lightweight Dual Attestation Mechanism for Machine Learning,2025,10.3390/fi17020085
suhail2022trustworthy,peer-reviewed primary study,general IoT/distributed systems,generic IoT/edge/ledger node,cross-domain mission assurance,entity; platform/device,ledger/governance consistency; mission-use suitability,decision/action; audit/revocation/recovery,reported analysis/evaluation; detail reserved pending full-text check,not title-coded,trust/reputation method; full-text coding pending,ledger-supported trust/audit/data sharing; exact design pending full-text coding,pending full-text coding,pending full-text classification,pending full-text coding; no detailed claim drawn from title alone,bibliographic metadata verified; full-text analytical coding pending,Trustworthy Digital Twins in the Industrial Internet of Things With Blockchain,2022,10.1109/mic.2021.3059320
khan2020iot,peer-reviewed primary study,general IoT/distributed systems,generic IoT/edge/ledger node,cross-domain mission assurance,data product,commitment/provenance integrity; ledger/governance consistency,processing/fusion/sharing; audit/revocation/recovery,reported analysis/evaluation; detail reserved pending full-text check,not title-coded,machine learning,ledger-supported trust/audit/data sharing; exact design pending full-text coding,pending full-text coding,pending full-text classification,pending full-text coding; no detailed claim drawn from title alone,bibliographic metadata verified; full-text analytical coding pending,IoT-Blockchain Enabled Optimized Provenance System for Food Industry 4.0 Using Advanced Deep Learning,2020,10.3390/s20102990
rahman2020secure,peer-reviewed primary study,general IoT/distributed systems,generic IoT/edge/ledger node,cross-domain mission assurance,data product,commitment/provenance integrity; ledger/governance consistency,processing/fusion/sharing; audit/revocation/recovery,reported analysis/evaluation; detail reserved pending full-text check,not title-coded,not applicable/title-insufficient,ledger-supported trust/audit/data sharing; exact design pending full-text coding,pending full-text coding,pending full-text classification,pending full-text coding; no detailed claim drawn from title alone,bibliographic metadata verified; full-text analytical coding pending,Secure and Provenance Enhanced Internet of Health Things Framework: A Blockchain Managed Federated Learning Approach,2020,10.1109/access.2020.3037474
uddin2021survey,peer-reviewed review,general IoT/distributed systems,generic IoT/edge/ledger node,cross-domain mission assurance,data product; entity,ledger/governance consistency,audit/revocation/recovery,reported analysis/evaluation; detail reserved pending full-text check,not title-coded,not applicable/title-insufficient,ledger-supported trust/audit/data sharing; exact design pending full-text coding,pending full-text coding,pending full-text classification,pending full-text coding; no detailed claim drawn from title alone,lawful full text acquired and screened; fine-grained analytical coding pending,A survey on the adoption of blockchain in IoT: challenges and solutions,2021,10.1016/j.bcra.2021.100006
monrat2019survey,peer-reviewed review,general IoT/distributed systems,generic IoT/edge/ledger node,maritime logistics,data product; entity,ledger/governance consistency,audit/revocation/recovery,reported analysis/evaluation; detail reserved pending full-text check,not title-coded,not applicable/title-insufficient,ledger-supported trust/audit/data sharing; exact design pending full-text coding,pending full-text coding,pending full-text classification,pending full-text coding; no detailed claim drawn from title alone,bibliographic metadata verified; full-text analytical coding pending,"A Survey of Blockchain From the Perspectives of Applications, Challenges, and Opportunities",2019,10.1109/access.2019.2936094
casino2019systematic,peer-reviewed review,general IoT/distributed systems,generic IoT/edge/ledger node,cross-domain mission assurance,data product; entity,ledger/governance consistency,audit/revocation/recovery,reported analysis/evaluation; detail reserved pending full-text check,not title-coded,not applicable/title-insufficient,ledger-supported trust/audit/data sharing; exact design pending full-text coding,pending full-text coding,pending full-text classification,pending full-text coding; no detailed claim drawn from title alone,bibliographic metadata verified; full-text analytical coding pending,"A systematic literature review of blockchain-based applications: Current status, classification and open issues",2019,10.1016/j.tele.2018.11.006
alladi2019blockchain,peer-reviewed review,general IoT/distributed systems,generic IoT/edge/ledger node,cross-domain mission assurance,data product; entity,ledger/governance consistency,audit/revocation/recovery,reported analysis/evaluation; detail reserved pending full-text check,not title-coded,not applicable/title-insufficient,ledger-supported trust/audit/data sharing; exact design pending full-text coding,pending full-text coding,pending full-text classification,pending full-text coding; no detailed claim drawn from title alone,lawful full text acquired and screened; fine-grained analytical coding pending,Blockchain Applications for Industry 4.0 and Industrial IoT: A Review,2019,10.1109/access.2019.2956748
javaid2021blockchain,peer-reviewed review,general IoT/distributed systems,generic IoT/edge/ledger node,cross-domain mission assurance,data product; entity,ledger/governance consistency,audit/revocation/recovery,reported analysis/evaluation; detail reserved pending full-text check,not title-coded,not applicable/title-insufficient,ledger-supported trust/audit/data sharing; exact design pending full-text coding,pending full-text coding,pending full-text classification,pending full-text coding; no detailed claim drawn from title alone,bibliographic metadata verified; full-text analytical coding pending,Blockchain technology applications for Industry 4.0: A literature-based review,2021,10.1016/j.bcra.2021.100027
hewa2021survey,peer-reviewed review,general IoT/distributed systems,generic IoT/edge/ledger node,maritime logistics,data product; entity,ledger/governance consistency,audit/revocation/recovery,reported analysis/evaluation; detail reserved pending full-text check,not title-coded,not applicable/title-insufficient,ledger-supported trust/audit/data sharing; exact design pending full-text coding,pending full-text coding,pending full-text classification,pending full-text coding; no detailed claim drawn from title alone,bibliographic metadata verified; full-text analytical coding pending,"Survey on blockchain based smart contracts: Applications, opportunities and challenges",2021,10.1016/j.jnca.2020.102857
nguyen2020blockchain,peer-reviewed review,general IoT/distributed systems,generic IoT/edge/ledger node,communications/data collection,link/path,ledger/governance consistency,transmission/relay; audit/revocation/recovery,reported analysis/evaluation; detail reserved pending full-text check,not title-coded,not applicable/title-insufficient,ledger-supported trust/audit/data sharing; exact design pending full-text coding,pending full-text coding,pending full-text classification,pending full-text coding; no detailed claim drawn from title alone,bibliographic metadata verified; full-text analytical coding pending,Blockchain for 5G and beyond networks: A state of the art survey,2020,10.1016/j.jnca.2020.102693
lnes2017blockchain,peer-reviewed primary study,general IoT/distributed systems,generic IoT/edge/ledger node,cross-domain mission assurance,data product; entity,ledger/governance consistency,processing/fusion/sharing; audit/revocation/recovery,reported analysis/evaluation; detail reserved pending full-text check,not title-coded,not applicable/title-insufficient,ledger-supported trust/audit/data sharing; exact design pending full-text coding,pending full-text coding,pending full-text classification,pending full-text coding; no detailed claim drawn from title alone,bibliographic metadata verified; full-text analytical coding pending,Blockchain in government: Benefits and implications of distributed ledger technology for information sharing,2017,10.1016/j.giq.2017.09.007
zhou2020key,peer-reviewed primary study,surface/maritime,USV/maritime infrastructure,cross-domain mission assurance,data product; entity,ledger/governance consistency,transmission/relay; audit/revocation/recovery,reported analysis/evaluation; detail reserved pending full-text check,not title-coded,not applicable/title-insufficient,ledger-supported trust/audit/data sharing; exact design pending full-text coding,pending full-text coding,pending full-text classification,pending full-text coding; no detailed claim drawn from title alone,bibliographic metadata verified; full-text analytical coding pending,The key challenges and critical success factors of blockchain implementation: Policy implications for Singapore’s maritime industry,2020,10.1016/j.marpol.2020.104265
liu2020fabric,peer-reviewed primary study,general IoT/distributed systems,generic IoT/edge/ledger node,cross-domain mission assurance,data product; entity,ledger/governance consistency,audit/revocation/recovery,reported analysis/evaluation; detail reserved pending full-text check,not title-coded,not applicable/title-insufficient,ledger-supported trust/audit/data sharing; exact design pending full-text coding,pending full-text coding,pending full-text classification,pending full-text coding; no detailed claim drawn from title alone,bibliographic metadata verified; full-text analytical coding pending,Fabric-iot: A Blockchain-Based Access Control System in IoT,2020,10.1109/access.2020.2968492
kshetri20181,peer-reviewed primary study,general IoT/distributed systems,generic IoT/edge/ledger node,maritime logistics,data product; entity,ledger/governance consistency,audit/revocation/recovery,reported analysis/evaluation; detail reserved pending full-text check,not title-coded,not applicable/title-insufficient,ledger-supported trust/audit/data sharing; exact design pending full-text coding,pending full-text coding,pending full-text classification,pending full-text coding; no detailed claim drawn from title alone,bibliographic metadata verified; full-text analytical coding pending,1 Blockchain’s roles in meeting key supply chain management objectives,2018,10.1016/j.ijinfomgt.2017.12.005
kshetri2017can,peer-reviewed primary study,general IoT/distributed systems,generic IoT/edge/ledger node,cross-domain mission assurance,data product; entity,ledger/governance consistency,audit/revocation/recovery,reported analysis/evaluation; detail reserved pending full-text check,not title-coded,not applicable/title-insufficient,ledger-supported trust/audit/data sharing; exact design pending full-text coding,pending full-text coding,pending full-text classification,pending full-text coding; no detailed claim drawn from title alone,bibliographic metadata verified; full-text analytical coding pending,Can Blockchain Strengthen the Internet of Things?,2017,10.1109/mitp.2017.3051335
javed2022integration,peer-reviewed review,general IoT/distributed systems,generic IoT/edge/ledger node,communications/data collection,link/path,ledger/governance consistency,transmission/relay; audit/revocation/recovery,reported analysis/evaluation; detail reserved pending full-text check,not title-coded,not applicable/title-insufficient,ledger-supported trust/audit/data sharing; exact design pending full-text coding,pending full-text coding,pending full-text classification,pending full-text coding; no detailed claim drawn from title alone,bibliographic metadata verified; full-text analytical coding pending,Integration of Blockchain Technology and Federated Learning in Vehicular (IoT) Networks: A Comprehensive Survey,2022,10.3390/s22124394
shrimali2022blockchain,peer-reviewed review,general IoT/distributed systems,generic IoT/edge/ledger node,maritime logistics,data product; entity,ledger/governance consistency,audit/revocation/recovery,reported analysis/evaluation; detail reserved pending full-text check,not title-coded,not applicable/title-insufficient,ledger-supported trust/audit/data sharing; exact design pending full-text coding,pending full-text coding,pending full-text classification,pending full-text coding; no detailed claim drawn from title alone,bibliographic metadata verified; full-text analytical coding pending,"Blockchain state-of-the-art: architecture, use cases, consensus, challenges and opportunities",2022,10.1016/j.jksuci.2021.08.005
khan2021systematic,peer-reviewed review,general IoT/distributed systems,generic IoT/edge/ledger node,cross-domain mission assurance,data product; entity,ledger/governance consistency,audit/revocation/recovery,reported analysis/evaluation; detail reserved pending full-text check,not title-coded,not applicable/title-insufficient,ledger-supported trust/audit/data sharing; exact design pending full-text coding,pending full-text coding,pending full-text classification,pending full-text coding; no detailed claim drawn from title alone,bibliographic metadata verified; full-text analytical coding pending,Systematic Literature Review of Challenges in Blockchain Scalability,2021,10.3390/app11209372
brewer2000towards,peer-reviewed primary study,cross-cutting security/trust,generic IoT/edge/ledger node,cross-domain mission assurance,contextual/background,foundational/contextual,cross-lifecycle,reported analysis/evaluation; detail reserved pending full-text check,not title-coded,not applicable/title-insufficient,not central,pending full-text coding,pending full-text classification,pending full-text coding; no detailed claim drawn from title alone,bibliographic metadata verified; full-text analytical coding pending,Towards robust distributed systems (abstract),2000,10.1145/343477.343502
holzinger2022information,peer-reviewed primary study,cross-cutting security/trust,generic IoT/edge/ledger node,cross-domain mission assurance,data product,observation validity; mission-use suitability,processing/fusion/sharing; decision/action,reported analysis/evaluation; detail reserved pending full-text check,not title-coded,trust/reputation method; full-text coding pending,not central,pending full-text coding,pending full-text classification,pending full-text coding; no detailed claim drawn from title alone,bibliographic metadata verified; full-text analytical coding pending,"Information fusion as an integrative cross-cutting enabler to achieve robust, explainable, and trustworthy medical artificial intelligence",2022,10.1016/j.inffus.2021.10.007
shafique2021detecting,peer-reviewed primary study,air,UAV/UAS,cross-domain mission assurance,link/path,observation validity,sensing/collection,reported analysis/evaluation; detail reserved pending full-text check,spoofing; cyberattack,machine learning,not central,pending full-text coding,pending full-text classification,pending full-text coding; no detailed claim drawn from title alone,lawful full text acquired and screened; fine-grained analytical coding pending,Detecting Signal Spoofing Attack in UAVs Using Machine Learning Models,2021,10.1109/access.2021.3089847
dang2022deep,peer-reviewed primary study,air,UAV/UAS,cross-domain mission assurance,link/path,observation validity,sensing/collection,reported analysis/evaluation; detail reserved pending full-text check,spoofing,not applicable/title-insufficient,not central,pending full-text coding,pending full-text classification,pending full-text coding; no detailed claim drawn from title alone,bibliographic metadata verified; full-text analytical coding pending,Deep-Ensemble-Learning-Based GPS Spoofing Detection for Cellular-Connected UAVs,2022,10.1109/jiot.2022.3195320
semanjski2020use,peer-reviewed primary study,cross-cutting security/trust,generic IoT/edge/ledger node,cross-domain mission assurance,link/path; data product,observation validity,sensing/collection,two supervised-learning experiments validated on distinct real-world GNSS spoofing and meaconing datasets,spoofing,machine learning,not central,selected features and labeled signal-manipulation events transfer to the target receiver/context,recorded real-world signal evaluation (maturity level 2),"single signal family and experimental context; no endpoint, ledger, or mission-lifecycle integration",lawful full text inspected; claim-level coding completed for review scope,Use of Supervised Machine Learning for GNSS Signal Spoofing Detection with Validation on Real-World Meaconing and Spoofing Data---Part I,2020,10.3390/s20041171
rado2024recent,peer-reviewed primary study,cross-cutting security/trust,generic IoT/edge/ledger node,cross-domain mission assurance,link/path,observation validity,sensing/collection,reported analysis/evaluation; detail reserved pending full-text check,spoofing; jamming,not applicable/title-insufficient,not central,pending full-text coding,pending full-text classification,pending full-text coding; no detailed claim drawn from title alone,bibliographic metadata verified; full-text analytical coding pending,Recent Advances on Jamming and Spoofing Detection in GNSS,2024,10.3390/s24134210
varshosaz2019spoofing,peer-reviewed primary study,air,UAV/UAS,cross-domain mission assurance,link/path,observation validity,sensing/collection,reported analysis/evaluation; detail reserved pending full-text check,spoofing,not applicable/title-insufficient,not central,pending full-text coding,pending full-text classification,pending full-text coding; no detailed claim drawn from title alone,bibliographic metadata verified; full-text analytical coding pending,Spoofing Detection of Civilian UAVs Using Visual Odometry,2019,10.3390/ijgi9010006
sedjelmaci2018hierarchical,peer-reviewed primary study,air,UAV/UAS,communications/data collection,link/path,observation validity,sensing/collection; transmission/relay,reported analysis/evaluation; detail reserved pending full-text check,cyberattack; multiple security threats,not applicable/title-insufficient,not central,pending full-text coding,pending full-text classification,pending full-text coding; no detailed claim drawn from title alone,bibliographic metadata verified; full-text analytical coding pending,A Hierarchical Detection and Response System to Enhance Security Against Lethal Cyber-Attacks in UAV Networks,2018,10.1109/tsmc.2017.2681698
liu2022trusted,peer-reviewed primary study,cross-cutting security/trust,generic IoT/edge/ledger node,cross-domain mission assurance,entity; platform/device,mission-use suitability,decision/action,reported analysis/evaluation; detail reserved pending full-text check,not title-coded,machine learning,not central,pending full-text coding,pending full-text classification,pending full-text coding; no detailed claim drawn from title alone,bibliographic metadata verified; full-text analytical coding pending,Trusted Multi-View Deep Learning with Opinion Aggregation,2022,10.1609/aaai.v36i7.20724
qian2025review,peer-reviewed review,cross-cutting security/trust,generic IoT/edge/ledger node,cross-domain mission assurance,contextual/background,observation validity,sensing/collection; processing/fusion/sharing,reported analysis/evaluation; detail reserved pending full-text check,not title-coded,not applicable/title-insufficient,not central,pending full-text coding,pending full-text classification,pending full-text coding; no detailed claim drawn from title alone,bibliographic metadata verified; full-text analytical coding pending,A Review of Multi-Sensor Fusion in Autonomous Driving,2025,10.3390/s25196033
neto2023ciciot2023,peer-reviewed dataset/benchmark,general IoT/distributed systems,generic IoT/edge/ledger node,cross-domain mission assurance,data product,foundational/contextual,sensing/collection,artifact and reported baseline/tool evaluation,cyberattack,not applicable/title-insufficient,not central,deployment representativeness requires mission-specific validation,benchmark/tool,does not by itself validate cross-domain mission trust or ledger behavior,bibliographic metadata verified; artifact/full text to be rechecked before submission,CICIoT2023: A Real-Time Dataset and Benchmark for Large-Scale Attacks in IoT Environment,2023,10.3390/s23135941
alsaedi2020ton,peer-reviewed dataset/benchmark,general IoT/distributed systems,generic IoT/edge/ledger node,cross-domain mission assurance,data product,observation validity,sensing/collection,"labeled IoT/IIoT telemetry, operating-system logs, and network traffic from the UNSW Canberra cyber range",intrusion,not applicable/title-insufficient,not central,cyber-range devices and attacks represent target anomaly classes,public dataset with baseline machine-learning evaluation,"no maritime physics, vehicle dependencies, ledger, or mission outcomes",lawful full text inspected; claim-level coding completed for review scope,TON\_IoT Telemetry Dataset: A New Generation Dataset of IoT and IIoT for Data-Driven Intrusion Detection Systems,2020,10.1109/access.2020.3022862
ferrag2022edge,peer-reviewed dataset/benchmark,general IoT/distributed systems,generic IoT/edge/ledger node,cross-domain mission assurance,data product,foundational/contextual,sensing/collection,purpose-built seven-layer IoT/IIoT testbed dataset with centralized and federated learning baselines,multiple security threats,not applicable/title-insufficient,not central,"testbed protocols, devices, and attack labels transfer to the target deployment",public dataset/testbed with baseline evaluation,"no cross-media maritime mission, vehicle dynamics, or governance behavior",lawful full text inspected; claim-level coding completed for review scope,Edge-IIoTset: A New Comprehensive Realistic Cyber Security Dataset of IoT and IIoT Applications for Centralized and Federated Learning,2022,10.1109/access.2022.3165809
martin2017aqua,peer-reviewed tool/platform paper,cross-cutting security/trust,generic IoT/edge/ledger node,cross-domain mission assurance,contextual/background,foundational/contextual,cross-lifecycle,ns-3 underwater-network simulator architecture with protocol support and reported experimental comparison,not title-coded,not applicable/title-insufficient,not central,"channel, protocol, topology, and traffic models represent the target underwater network",network simulation/tool evaluation,network abstraction does not establish observation truth or integrated mission assurance,lawful full text inspected; claim-level coding completed for review scope,Aqua-Sim Next Generation,2017,10.1145/3148675.3148679
shah2018airsim,peer-reviewed tool/platform paper,air,UAV/UAS,cross-domain mission assurance,contextual/background,foundational/contextual,cross-lifecycle,high-frequency physics and visual simulation with hardware-in-the-loop support and selected real-flight comparisons,not title-coded,not applicable/title-insufficient,not central,"vehicle, environment, and sensor models adequately represent the intended air scenario",simulation/tool with component validation,does not natively model underwater acoustic links or consortium governance,lawful full text inspected; claim-level coding completed for review scope,AirSim: High-Fidelity Visual and Physical Simulation for Autonomous Vehicles,2018,10.1007/978-3-319-67361-5_40
manhaes2016uuv,peer-reviewed tool/platform paper,underwater,UUV/IoUT,cross-domain mission assurance,contextual/background,foundational/contextual,cross-lifecycle,"Gazebo/ROS package for hydrodynamics, thrusters, sensors, disturbances, intervention, and multi-robot scenarios",not title-coded,not applicable/title-insufficient,not central,configured hydrodynamic and sensor models represent the target vehicle/environment,open simulation/tool platform,simulated dynamics and sensors require field validation; no trust or ledger semantics,lawful full text inspected; claim-level coding completed for review scope,UUV Simulator: A Gazebo-based package for underwater intervention and multi-robot simulation,2016,10.1109/oceans.2016.7761080
w3c2013provdm,official standard/specification,cross-cutting security/trust,generic IoT/edge/ledger node,cross-domain mission assurance,data product,foundational/contextual,cross-lifecycle,normative or architectural specification,not title-coded,not applicable/title-insufficient,not central,scope and conformance conditions stated by issuing organization,operational standard/specification,not evidence of performance in UAV-USV-UUV missions,official text inspected; analytical mapping is authors' synthesis,PROV-DM: The PROV Data Model,2013,https://www.w3.org/TR/prov-dm/
w3c2013provo,official standard/specification,cross-cutting security/trust,generic IoT/edge/ledger node,cross-domain mission assurance,contextual/background,foundational/contextual,cross-lifecycle,normative or architectural specification,not title-coded,not applicable/title-insufficient,not central,scope and conformance conditions stated by issuing organization,operational standard/specification,not evidence of performance in UAV-USV-UUV missions,official text inspected; analytical mapping is authors' synthesis,PROV-O: The PROV Ontology,2013,https://www.w3.org/TR/prov-o/
threegpp22125,official standard/specification,air,UAV/UAS,maritime logistics,contextual/background,foundational/contextual,cross-lifecycle,normative or architectural specification,not title-coded,not applicable/title-insufficient,not central,scope and conformance conditions stated by issuing organization,operational standard/specification,not evidence of performance in UAV-USV-UUV missions,official text inspected; analytical mapping is authors' synthesis,Unmanned Aerial System (UAS) Support in 3GPP; Stage 1,2026,https://www.3gpp.org/dynareport/22125.htm
threegpp22119,official standard/specification,surface/maritime,USV/maritime infrastructure,communications/data collection,link/path,foundational/contextual,transmission/relay,normative or architectural specification,not title-coded,not applicable/title-insufficient,not central,scope and conformance conditions stated by issuing organization,operational standard/specification,not evidence of performance in UAV-USV-UUV missions,official text inspected; analytical mapping is authors' synthesis,Maritime Communication Services over 3GPP System,2026,https://www.3gpp.org/dynareport/22119.htm
hyperledger2026fabric,official standard/specification,cross-cutting security/trust,generic IoT/edge/ledger node,cross-domain mission assurance,contextual/background,ledger/governance consistency,cross-lifecycle,normative or architectural specification,not title-coded,not applicable/title-insufficient,ledger-supported trust/audit/data sharing; exact design pending full-text coding,scope and conformance conditions stated by issuing organization,operational standard/specification,not evidence of performance in UAV-USV-UUV missions,official text inspected; analytical mapping is authors' synthesis,Hyperledger Fabric Documentation: Ordering Service,2026,https://hyperledger-fabric.readthedocs.io/en/latest/orderer/ordering_service.html
ietf2020suit,official standard/specification,general IoT/distributed systems,generic IoT/edge/ledger node,cross-domain mission assurance,contextual/background,foundational/contextual,cross-lifecycle,normative or architectural specification,not title-coded,not applicable/title-insufficient,not central,scope and conformance conditions stated by issuing organization,operational standard/specification,not evidence of performance in UAV-USV-UUV missions,official text inspected; analytical mapping is authors' synthesis,A Firmware Update Architecture for Internet of Things,2021,10.17487/RFC9019
varga2022seadronessee,peer-reviewed dataset/benchmark,air; surface/maritime,UAV/UAS; USV/maritime infrastructure,maritime search and rescue/observation,data product,observation validity,sensing/collection; transmission/relay,artifact and reported baseline/tool evaluation,not title-coded,not applicable/title-insufficient,not central,deployment representativeness requires mission-specific validation,benchmark/tool,does not by itself validate cross-domain mission trust or ledger behavior,bibliographic metadata verified; artifact/full text to be rechecked before submission,SeaDronesSee: A Maritime Benchmark for Detecting Humans in Open Water,2022,https://openaccess.thecvf.com/content/WACV2022/html/Varga_SeaDronesSee_A_Maritime_Benchmark_for_Detecting_Humans_in_Open_Water_WACV_2022_paper.html
